"Source:","/Users/nunonogueira/Projectos/smoke-extractor/pcb/smoke_extractorV1_1/smoke_extractorV1_1.kicad_sch"
"Date:","Saturday, 13 August 2022 at 18:15:49"
"Tool:","Eeschema (6.0.6-0)"
"Generator:","/Applications/KiCad/KiCad.app/Contents/SharedSupport/plugins/bom_csv_grouped_by_value.py"
"Component Count:","43"

"Individual Components:"

"Item","Qty","Reference(s)","Value","LibPart","Footprint","Datasheet"
"","","C1","0.1u","Device:C","Capacitor_SMD:C_0603_1608Metric_Pad1.08x0.95mm_HandSolder","~"
"","","C2","10u","Device:C","Capacitor_SMD:C_0805_2012Metric_Pad1.18x1.45mm_HandSolder","~"
"","","C3","10n","Device:C","Capacitor_SMD:C_0603_1608Metric_Pad1.08x0.95mm_HandSolder","~"
"","","C4","2.2n","Device:C","Capacitor_SMD:C_0603_1608Metric_Pad1.08x0.95mm_HandSolder","~"
"","","C5","10u","Device:C","Capacitor_SMD:C_0805_2012Metric_Pad1.18x1.45mm_HandSolder","~"
"","","C6","0.1u","Device:C","Capacitor_SMD:C_0603_1608Metric_Pad1.08x0.95mm_HandSolder","~"
"","","C7","0.1u","Device:C","Capacitor_SMD:C_0603_1608Metric_Pad1.08x0.95mm_HandSolder","~"
"","","D1","D","Device:D","Diode_SMD:D_SOD-523","~"
"","","D2","D","Device:D","Diode_SMD:D_SOD-523","~"
"","","D3","D","Device:D","Diode_SMD:D_SOD-523","~"
"","","D4","LED","Device:LED","LED_SMD:LED_0603_1608Metric_Pad1.05x0.95mm_HandSolder","~"
"","","D5","SS34","Device:D","Diode_SMD:Nexperia_CFP3_SOD-123W","~"
"","","H1","MountingHole_Pad","Mechanical:MountingHole_Pad","MountingHole:MountingHole_3.2mm_M3_ISO7380_Pad","~"
"","","H2","MountingHole_Pad","Mechanical:MountingHole_Pad","MountingHole:MountingHole_3.2mm_M3_ISO7380_Pad","~"
"","","H3","MountingHole_Pad","Mechanical:MountingHole_Pad","MountingHole:MountingHole_3.2mm_M3_ISO7380_Pad","~"
"","","J1","USB_C_Receptacle","Connector:USB_C_Receptacle","CustomFootprints:USB4120-03-C","https://www.usb.org/sites/default/files/documents/usb_type-c.zip"
"","","J2","Screw_Terminal_01x02","Connector:Screw_Terminal_01x02","TerminalBlock:TerminalBlock_bornier-2_P5.08mm","~"
"","","L1","4.7u","Device:L","Inductor_SMD:L_1008_2520Metric_Pad1.43x2.20mm_HandSolder","~"
"","","Q1","AO3400A","Transistor_FET:AO3400A","Package_TO_SOT_SMD:SOT-23","http://www.aosmd.com/pdfs/datasheet/AO3400A.pdf"
"","","R1","47k","Device:R","Resistor_SMD:R_0603_1608Metric_Pad0.98x0.95mm_HandSolder","~"
"","","R2","6k8","Device:R","Resistor_SMD:R_0603_1608Metric_Pad0.98x0.95mm_HandSolder","~"
"","","R3","47k","Device:R","Resistor_SMD:R_0603_1608Metric_Pad0.98x0.95mm_HandSolder","~"
"","","R4","4k7","Device:R","Resistor_SMD:R_0603_1608Metric_Pad0.98x0.95mm_HandSolder","~"
"","","R5","47k","Device:R","Resistor_SMD:R_0603_1608Metric_Pad0.98x0.95mm_HandSolder","~"
"","","R6","4.7k","Device:R","Resistor_SMD:R_0603_1608Metric_Pad0.98x0.95mm_HandSolder","~"
"","","R7","47k","Device:R","Resistor_SMD:R_0603_1608Metric_Pad0.98x0.95mm_HandSolder","~"
"","","R8","7k6","Device:R","Resistor_SMD:R_0603_1608Metric_Pad0.98x0.95mm_HandSolder","~"
"","","R9","330","Device:R","Resistor_SMD:R_0603_1608Metric_Pad0.98x0.95mm_HandSolder","~"
"","","R10","4k7","Device:R","Resistor_SMD:R_0603_1608Metric_Pad0.98x0.95mm_HandSolder","~"
"","","R11","5.1k","Device:R","Resistor_SMD:R_0603_1608Metric_Pad0.98x0.95mm_HandSolder","~"
"","","R12","86.6k","Device:R","Resistor_SMD:R_0603_1608Metric_Pad0.98x0.95mm_HandSolder","~"
"","","R13","5.1k","Device:R","Resistor_SMD:R_0603_1608Metric_Pad0.98x0.95mm_HandSolder","~"
"","","R14","100k","Device:R","Resistor_SMD:R_0603_1608Metric_Pad0.98x0.95mm_HandSolder","~"
"","","R15","15k","Device:R","Resistor_SMD:R_0603_1608Metric_Pad0.98x0.95mm_HandSolder","~"
"","","R16","86.6k","Device:R","Resistor_SMD:R_0603_1608Metric_Pad0.98x0.95mm_HandSolder","~"
"","","R17","10k","Device:R","Resistor_SMD:R_0603_1608Metric_Pad0.98x0.95mm_HandSolder","~"
"","","R18","4.7k","Device:R","Resistor_SMD:R_0603_1608Metric_Pad0.98x0.95mm_HandSolder","~"
"","","R19","4.7k","Device:R","Resistor_SMD:R_0603_1608Metric_Pad0.98x0.95mm_HandSolder","~"
"","","U1","LMV331","Comparator:LMV331","Package_TO_SOT_SMD:SOT-353_SC-70-5_Handsoldering","http://www.ti.com/lit/ds/symlink/lmv331.pdf"
"","","U2","RA11131100","CustomSymbols:RA11131100","CustomFootprints:RA11131100",""
"","","U3","MP1542","CustomSymbols:MP1542","Package_SO:MSOP-8_3x3mm_P0.65mm",""
"","","U4","LMV331","Comparator:LMV331","Package_TO_SOT_SMD:SOT-353_SC-70-5_Handsoldering","http://www.ti.com/lit/ds/symlink/lmv331.pdf"
"","","U5","LMV331","Comparator:LMV331","Package_TO_SOT_SMD:SOT-353_SC-70-5_Handsoldering","http://www.ti.com/lit/ds/symlink/lmv331.pdf"



"Collated Components:"

"Item","Qty","Reference(s)","Value","LibPart","Footprint","Datasheet"
"1","3","C1, C6, C7","0.1u","Device:C","Capacitor_SMD:C_0603_1608Metric_Pad1.08x0.95mm_HandSolder","~"
"2","2","C2, C5","10u","Device:C","Capacitor_SMD:C_0805_2012Metric_Pad1.18x1.45mm_HandSolder","~"
"3","1","C3","10n","Device:C","Capacitor_SMD:C_0603_1608Metric_Pad1.08x0.95mm_HandSolder","~"
"4","1","C4","2.2n","Device:C","Capacitor_SMD:C_0603_1608Metric_Pad1.08x0.95mm_HandSolder","~"
"5","3","D1, D2, D3","D","Device:D","Diode_SMD:D_SOD-523","~"
"6","1","D4","LED","Device:LED","LED_SMD:LED_0603_1608Metric_Pad1.05x0.95mm_HandSolder","~"
"7","1","D5","SS34","Device:D","Diode_SMD:Nexperia_CFP3_SOD-123W","~"
"8","3","H1, H2, H3","MountingHole_Pad","Mechanical:MountingHole_Pad","MountingHole:MountingHole_3.2mm_M3_ISO7380_Pad","~"
"9","1","J1","USB_C_Receptacle","Connector:USB_C_Receptacle","CustomFootprints:USB4120-03-C","https://www.usb.org/sites/default/files/documents/usb_type-c.zip"
"10","1","J2","Screw_Terminal_01x02","Connector:Screw_Terminal_01x02","TerminalBlock:TerminalBlock_bornier-2_P5.08mm","~"
"11","1","L1","4.7u","Device:L","Inductor_SMD:L_1008_2520Metric_Pad1.43x2.20mm_HandSolder","~"
"12","1","Q1","AO3400A","Transistor_FET:AO3400A","Package_TO_SOT_SMD:SOT-23","http://www.aosmd.com/pdfs/datasheet/AO3400A.pdf"
"13","4","R1, R3, R5, R7","47k","Device:R","Resistor_SMD:R_0603_1608Metric_Pad0.98x0.95mm_HandSolder","~"
"14","1","R2","6k8","Device:R","Resistor_SMD:R_0603_1608Metric_Pad0.98x0.95mm_HandSolder","~"
"15","2","R4, R10","4k7","Device:R","Resistor_SMD:R_0603_1608Metric_Pad0.98x0.95mm_HandSolder","~"
"16","3","R6, R18, R19","4.7k","Device:R","Resistor_SMD:R_0603_1608Metric_Pad0.98x0.95mm_HandSolder","~"
"17","1","R8","7k6","Device:R","Resistor_SMD:R_0603_1608Metric_Pad0.98x0.95mm_HandSolder","~"
"18","1","R9","330","Device:R","Resistor_SMD:R_0603_1608Metric_Pad0.98x0.95mm_HandSolder","~"
"19","2","R11, R13","5.1k","Device:R","Resistor_SMD:R_0603_1608Metric_Pad0.98x0.95mm_HandSolder","~"
"20","2","R12, R16","86.6k","Device:R","Resistor_SMD:R_0603_1608Metric_Pad0.98x0.95mm_HandSolder","~"
"21","1","R14","100k","Device:R","Resistor_SMD:R_0603_1608Metric_Pad0.98x0.95mm_HandSolder","~"
"22","1","R15","15k","Device:R","Resistor_SMD:R_0603_1608Metric_Pad0.98x0.95mm_HandSolder","~"
"23","1","R17","10k","Device:R","Resistor_SMD:R_0603_1608Metric_Pad0.98x0.95mm_HandSolder","~"
"24","3","U1, U4, U5","LMV331","Comparator:LMV331","Package_TO_SOT_SMD:SOT-353_SC-70-5_Handsoldering","http://www.ti.com/lit/ds/symlink/lmv331.pdf"
"25","1","U2","RA11131100","CustomSymbols:RA11131100","CustomFootprints:RA11131100",""
"26","1","U3","MP1542","CustomSymbols:MP1542","Package_SO:MSOP-8_3x3mm_P0.65mm",""
